name,popularity
script-security,231841
structs,231828
bouncycastle-api,231608
workflow-step-api,231528
scm-api,231394
display-url-api,231317
credentials,231213
mailer,231095
ssh-credentials,230412
workflow-api,230235
workflow-scm-step,229711
apache-httpcomponents-client-4-api,229674
workflow-support,229361
jackson2-api,228681
plain-credentials,228201
credentials-binding,227051
junit,226476
git-client,226361
cloudbees-folder,225939
workflow-job,225256
git,224942
durable-task,224347
workflow-cps,224024
antisamy-markup-formatter,223915
token-macro,223777
matrix-project,223698
workflow-durable-task-step,223001
branch-api,222601
pipeline-stage-step,221625
workflow-basic-steps,221512
pipeline-input-step,221142
workflow-multibranch,220908
snakeyaml-api,220481
pipeline-stage-tags-metadata,220264
trilead-api,220231
pipeline-model-api,220046
pipeline-build-step,219603
pipeline-model-extensions,218813
pipeline-milestone-step,218460
pipeline-model-definition,217301
plugin-util-api,216724
jquery3-api,216321
caffeine-api,216268
font-awesome-api,215963
echarts-api,214946
checks-api,213967
variant,212017
jaxb,211824
javax-activation-api,211132
workflow-aggregator,211020
bootstrap5-api,210089
matrix-auth,208818
okhttp-api,203373
resource-disposer,203368
ssh-slaves,203134
jakarta-activation-api,202109
timestamper,202007
jakarta-mail-api,201818
mina-sshd-api-common,201691
github-api,201290
ws-cleanup,200486
mina-sshd-api-core,200424
commons-lang3-api,200375
ionicons-api,199364
github,198332
instance-identity,197817
commons-text-api,197696
ldap,195480
pipeline-groovy-lib,195050
github-branch-source,194152
email-ext,193679
build-timeout,189836
ant,188670
jjwt-api,186482
gradle,180241
gson-api,179024
json-api,175879
pipeline-graph-analysis,175730
json-path-api,173739
pipeline-github-lib,173564
asm-api,173142
joda-time-api,171229
eddsa-api,163492
javax-mail-api,155452
sshd,149458
command-launcher,148998
pipeline-rest-api,148721
jdk-tool,148317
jsch,147348
pam-auth,145802
pipeline-stage-view,143899
metrics,131359
authentication-tokens,124966
prism-api,116627
jsoup,109532
theme-manager,107135
jakarta-xml-bind-api,104646
dark-theme,103109
javadoc,101070
docker-commons,95719
pipeline-graph-view,94594
maven-plugin,92322
config-file-provider,91966
git-server,84974
docker-workflow,84018
role-strategy,81740
htmlpublisher,81316
apache-httpcomponents-client-5-api,77592
lockable-resources,73217
handy-uri-templates-2-api,71537
mapdb-api,63297
favorite,61546
pubsub-light,61210
data-tables-api,60165
cloudbees-bitbucket-branch-source,59879
nodejs,58645
jersey2-api,58528
ssh-agent,58519
jenkins-design-language,58510
blueocean-commons,58230
commons-compress-api,58004
pipeline-utility-steps,57942
blueocean-rest,57889
subversion,57835
workflow-cps-global-lib,57380
parameterized-trigger,56565
blueocean-core-js,55958
popper2-api,55783
blueocean-web,55674
publish-over,55670
blueocean-pipeline-scm-api,55339
blueocean-jwt,55287
localization-support,55252
external-monitor-job,55209
sse-gateway,55071
blueocean-rest-impl,54461
localization-zh-cn,53996
blueocean-pipeline-api-impl,53831
jquery,53321
blueocean-git-pipeline,51735
blueocean-dashboard,51560
git-parameter,51389
publish-over-ssh,50852
blueocean-github-pipeline,50797
blueocean-i18n,50130
blueocean-display-url,50093
blueocean-personalization,49936
blueocean-config,49883
blueocean-pipeline-editor,49537
blueocean-bitbucket-pipeline,49413
run-condition,49319
blueocean-events,49112
oss-symbols-api,48268
blueocean,47329
envinject-api,46101
popper-api,45888
gitlab-plugin,44901
conditional-buildstep,44884
ansicolor,44544
envinject,43277
sonar,43169
bootstrap4-api,43021
uno-choice,40847
rebuild,40369
jquery-detached,40233
docker-java-api,39719
copyartifact,37889
jackson3-api,37135
snakeyaml-engine-api,37018
configuration-as-code,36592
kubernetes-client-api,36317
kubernetes-credentials,35603
docker-plugin,35353
mercurial,34567
cloud-stats,34082
generic-webhook-trigger,33769
job-dsl,33665
kubernetes,32830
build-user-vars-plugin,32720
aws-java-sdk-minimal,32106
slack,31590
commons-collections4-api,31354
aws-credentials,31288
aws-java-sdk-ec2,31148
jobConfigHistory,30715
forensics-api,29274
http_request,28791
jira,28612
build-name-setter,26944
active-directory,26877
pipeline-model-declarative-agent,26687
blueocean-autofavorite,26649
dashboard-view,26462
extended-choice-parameter,25711
ssh,25562
thinBackup,25180
groovy,22991
pipeline-maven,22104
locale,22023
aws-java-sdk-ecr,21709
ssh-steps,20960
aws-java-sdk-iam,20687
aws-java-sdk-cloudformation,20678
aws-java-sdk-elasticbeanstalk,20666
aws-java-sdk2-core,20521
simple-theme-plugin,20163
gitlab-api,19738
aws-java-sdk-sqs,19714
aws-java-sdk-sns,19684
aws-java-sdk2-ec2,19667
analysis-model-api,19408
aws-java-sdk,19048
throttle-concurrents,18479
warnings-ng,18389
parameterized-scheduler,18369
authorize-project,18308
bitbucket,18141
jnr-posix-api,17941
mask-passwords,17817
pipeline-maven-api,17643
emailext-template,17425
aws-java-sdk-ecs,17414
blueocean-jira,17407
prometheus,17263
badge,17242
artifactory,17021
coverage,16940
aws-java-sdk-ssm,16880
aws-java-sdk-codebuild,16833
aws-java-sdk-logs,16826
monitoring,16570
ansible,16443
extended-read-permission,16398
Office-365-Connector,16308
powershell,16216
aws-java-sdk-efs,16134
aws-java-sdk-cloudfront,15893
aws-java-sdk-elasticloadbalancingv2,15893
aws-java-sdk-lambda,15888
aws-java-sdk-organizations,15885
aws-java-sdk-api-gateway,15879
aws-java-sdk-codedeploy,15879
saml,15875
commons-httpclient3-api,15238
msbuild,15163
nodelabelparameter,15092
allure-jenkins-plugin,15040
groovy-postbuild,15006
jersey3-api,14877
multiple-scms,14424
